model,bin_index,lower_bound,upper_bound,count,fraction,accuracy,mean_confidence,signed_gap,absolute_gap
EmoAR DenseNet121,0,0.0,0.06666666666666667,0,0.0,,,,
EmoAR DenseNet121,1,0.06666666666666667,0.13333333333333333,0,0.0,,,,
EmoAR DenseNet121,2,0.13333333333333333,0.2,0,0.0,,,,
EmoAR DenseNet121,3,0.2,0.26666666666666666,5,0.0013931457230426303,0.2,0.2405117481946945,0.0405117481946945,0.0405117481946945
EmoAR DenseNet121,4,0.26666666666666666,0.3333333333333333,50,0.013931457230426303,0.32,0.31046145856380464,-0.009538541436195369,0.009538541436195369
EmoAR DenseNet121,5,0.3333333333333333,0.4,157,0.04374477570353859,0.3057324840764331,0.36943682079102586,0.06370433671459275,0.06370433671459275
EmoAR DenseNet121,6,0.4,0.4666666666666667,249,0.06937865700752299,0.3413654618473896,0.4347957122517398,0.09343025040435021,0.09343025040435021
EmoAR DenseNet121,7,0.4666666666666667,0.5333333333333333,318,0.08860406798551128,0.41509433962264153,0.4992170178290433,0.08412267820640179,0.08412267820640179
EmoAR DenseNet121,8,0.5333333333333333,0.6,283,0.07885204792421287,0.49469964664310956,0.5666024554323392,0.07190280878922967,0.07190280878922967
EmoAR DenseNet121,9,0.6,0.6666666666666666,252,0.07021454444134856,0.5198412698412699,0.634663333495458,0.11482206365418812,0.11482206365418812
EmoAR DenseNet121,10,0.6666666666666666,0.7333333333333333,276,0.07690164391195319,0.5652173913043478,0.7007203467082286,0.1355029554038808,0.1355029554038808
EmoAR DenseNet121,11,0.7333333333333333,0.8,288,0.0802451936472555,0.6180555555555556,0.7657366450875998,0.14768108953204417,0.14768108953204417
EmoAR DenseNet121,12,0.8,0.8666666666666667,281,0.07829478963499582,0.697508896797153,0.8334951195004148,0.13598622270326177,0.13598622270326177
EmoAR DenseNet121,13,0.8666666666666667,0.9333333333333333,337,0.09389802173307328,0.8071216617210683,0.903369552657583,0.09624789093651476,0.09624789093651476
EmoAR DenseNet121,14,0.9333333333333333,1.0,1093,0.304541655057119,0.9441903019213175,0.9812534749780569,0.03706317305673945,0.03706317305673945
Modern ViT,0,0.0,0.06666666666666667,0,0.0,,,,
Modern ViT,1,0.06666666666666667,0.13333333333333333,0,0.0,,,,
Modern ViT,2,0.13333333333333333,0.2,0,0.0,,,,
Modern ViT,3,0.2,0.26666666666666666,1,0.00027862914460852607,0.0,0.25650593638420105,0.25650593638420105,0.25650593638420105
Modern ViT,4,0.26666666666666666,0.3333333333333333,4,0.0011145165784341043,0.25,0.30919330567121506,0.05919330567121506,0.05919330567121506
Modern ViT,5,0.3333333333333333,0.4,26,0.007244357759821678,0.2692307692307692,0.3712534514757303,0.10202268224496108,0.10202268224496108
Modern ViT,6,0.4,0.4666666666666667,43,0.01198105321816662,0.2558139534883721,0.4333457447761713,0.17753179128779922,0.17753179128779922
Modern ViT,7,0.4666666666666667,0.5333333333333333,106,0.029534689328503762,0.33962264150943394,0.5022086203098297,0.16258597880039577,0.16258597880039577
Modern ViT,8,0.5333333333333333,0.6,115,0.032042351629980495,0.3739130434782609,0.5684471140737118,0.19453407059545097,0.19453407059545097
Modern ViT,9,0.6,0.6666666666666666,94,0.02619113959320145,0.44680851063829785,0.630387841386998,0.18357933074870014,0.18357933074870014
Modern ViT,10,0.6666666666666666,0.7333333333333333,121,0.033714126497631655,0.4214876033057851,0.7011699779959749,0.2796823746901898,0.2796823746901898
Modern ViT,11,0.7333333333333333,0.8,140,0.03900808024519365,0.45714285714285713,0.7646636298724583,0.30752077272960116,0.30752077272960116
Modern ViT,12,0.8,0.8666666666666667,178,0.049595987740317635,0.5224719101123596,0.8352452740910348,0.31277336397867517,0.31277336397867517
Modern ViT,13,0.8666666666666667,0.9333333333333333,325,0.09055447199777096,0.5292307692307693,0.904279063298152,0.3750482940673827,0.3750482940673827
Modern ViT,14,0.9333333333333333,1.0,2436,0.6787405962663695,0.8435960591133005,0.9818301014418672,0.13823404232856673,0.13823404232856673
