model,threshold,retained,coverage,accuracy,errors
EmoAR DenseNet121,0.0,3589,1.0,0.6650877681805517,1202
EmoAR DenseNet121,0.5,2959,0.8244636388966285,0.7336938154782021,788
EmoAR DenseNet121,0.6,2527,0.7040958484257454,0.777601899485556,562
EmoAR DenseNet121,0.7,2143,0.5971022568960713,0.8240783947736817,377
EmoAR DenseNet121,0.8,1711,0.4767344664251881,0.8766803039158387,211
EmoAR DenseNet121,0.9,1288,0.3588743382557816,0.9246894409937888,97
EmoAR DenseNet121,0.95,981,0.2733351908609641,0.9500509683995922,49
EmoAR DenseNet121,0.99,498,0.13875731401504598,0.9698795180722891,15
Modern ViT,0.0,3589,1.0,0.7174700473669546,1014
Modern ViT,0.5,3469,0.9665645026469769,0.733064283655232,926
Modern ViT,0.6,3294,0.9178044023404848,0.75197328476017,817
Modern ViT,0.7,3142,0.8754527723599889,0.767982176957352,729
Modern ViT,0.8,2939,0.8188910560044581,0.7893841442667574,619
Modern ViT,0.9,2629,0.7325160211758149,0.8238874096614682,463
Modern ViT,0.95,2287,0.6372248537196991,0.8587669435942282,323
Modern ViT,0.99,903,0.25160211758149903,0.964562569213732,32
