pipeline,sample_index,true_index,true_class,predicted_index,predicted_class,confidence,correct
web_255_crop224,304,0,Angry,0,Angry,0.6663869619369507,True
web_255_crop224,2122,0,Angry,0,Angry,0.7142425179481506,True
web_255_crop224,2192,0,Angry,0,Angry,0.9962402582168579,True
web_255_crop224,1357,0,Angry,0,Angry,0.9323524236679077,True
web_255_crop224,1192,0,Angry,0,Angry,0.9601109027862549,True
web_255_crop224,726,0,Angry,0,Angry,0.7685521245002747,True
web_255_crop224,616,0,Angry,0,Angry,0.9543997645378113,True
web_255_crop224,1981,0,Angry,5,Surprise,0.6494117975234985,False
web_255_crop224,223,0,Angry,0,Angry,0.6745190024375916,True
web_255_crop224,1711,0,Angry,0,Angry,0.7961079478263855,True
web_255_crop224,2985,0,Angry,0,Angry,0.822702169418335,True
web_255_crop224,811,0,Angry,0,Angry,0.536516547203064,True
web_255_crop224,1631,0,Angry,0,Angry,0.6454150676727295,True
web_255_crop224,705,0,Angry,0,Angry,0.8364136815071106,True
web_255_crop224,2033,0,Angry,0,Angry,0.5196349024772644,True
web_255_crop224,2310,0,Angry,0,Angry,0.5225390791893005,True
web_255_crop224,483,0,Angry,0,Angry,0.8527417182922363,True
web_255_crop224,2036,0,Angry,2,Fear,0.5027101635932922,False
web_255_crop224,3369,0,Angry,0,Angry,0.6965566277503967,True
web_255_crop224,444,0,Angry,2,Fear,0.4313262104988098,False
web_255_crop224,1,1,Disgust,4,Sad,0.4739829897880554,False
web_255_crop224,82,1,Disgust,0,Angry,0.7772863507270813,False
web_255_crop224,3119,1,Disgust,0,Angry,0.4992794096469879,False
web_255_crop224,1432,1,Disgust,0,Angry,0.5768324136734009,False
web_255_crop224,3347,1,Disgust,1,Disgust,0.7041078209877014,True
web_255_crop224,2659,1,Disgust,1,Disgust,0.9982732534408569,True
web_255_crop224,2523,1,Disgust,1,Disgust,0.9440876841545105,True
web_255_crop224,3551,1,Disgust,1,Disgust,0.9993683695793152,True
web_255_crop224,3377,1,Disgust,0,Angry,0.6754369139671326,False
web_255_crop224,1638,1,Disgust,0,Angry,0.6626226305961609,False
web_255_crop224,1930,1,Disgust,0,Angry,0.6328420042991638,False
web_255_crop224,475,1,Disgust,1,Disgust,0.9877743124961853,True
web_255_crop224,1660,1,Disgust,0,Angry,0.6119952201843262,False
web_255_crop224,803,1,Disgust,4,Sad,0.49566319584846497,False
web_255_crop224,2691,1,Disgust,1,Disgust,0.45060181617736816,True
web_255_crop224,1404,1,Disgust,3,Happy,0.6191630363464355,False
web_255_crop224,921,1,Disgust,1,Disgust,0.9863715767860413,True
web_255_crop224,3411,1,Disgust,0,Angry,0.4083608388900757,False
web_255_crop224,1059,1,Disgust,4,Sad,0.453844279050827,False
web_255_crop224,1105,1,Disgust,1,Disgust,0.8488066792488098,True
web_255_crop224,302,2,Fear,3,Happy,0.5359469652175903,False
web_255_crop224,2603,2,Fear,4,Sad,0.8347420692443848,False
web_255_crop224,1609,2,Fear,2,Fear,0.7860068678855896,True
web_255_crop224,965,2,Fear,0,Angry,0.8075882196426392,False
web_255_crop224,20,2,Fear,5,Surprise,0.6085382103919983,False
web_255_crop224,3091,2,Fear,4,Sad,0.9649288654327393,False
web_255_crop224,1318,2,Fear,3,Happy,0.6483697891235352,False
web_255_crop224,1179,2,Fear,4,Sad,0.8198941946029663,False
web_255_crop224,1570,2,Fear,0,Angry,0.43473583459854126,False
web_255_crop224,553,2,Fear,4,Sad,0.8857964277267456,False
web_255_crop224,2094,2,Fear,6,Neutral,0.4941806495189667,False
web_255_crop224,652,2,Fear,6,Neutral,0.34242817759513855,False
web_255_crop224,2232,2,Fear,2,Fear,0.6530539989471436,True
web_255_crop224,717,2,Fear,2,Fear,0.4415160119533539,True
web_255_crop224,3459,2,Fear,2,Fear,0.5786406993865967,True
web_255_crop224,478,2,Fear,4,Sad,0.5291807055473328,False
web_255_crop224,118,2,Fear,2,Fear,0.7498202323913574,True
web_255_crop224,3095,2,Fear,5,Surprise,0.5438035726547241,False
web_255_crop224,334,2,Fear,2,Fear,0.450997918844223,True
web_255_crop224,2553,2,Fear,4,Sad,0.3956511318683624,False
web_255_crop224,3249,3,Happy,4,Sad,0.5041415691375732,False
web_255_crop224,938,3,Happy,3,Happy,0.9997597336769104,True
web_255_crop224,1508,3,Happy,3,Happy,0.9820315837860107,True
web_255_crop224,1397,3,Happy,3,Happy,0.9994010925292969,True
web_255_crop224,2973,3,Happy,4,Sad,0.8223692774772644,False
web_255_crop224,3025,3,Happy,3,Happy,0.9981922507286072,True
web_255_crop224,39,3,Happy,3,Happy,0.32123109698295593,True
web_255_crop224,2432,3,Happy,3,Happy,0.9853085875511169,True
web_255_crop224,1833,3,Happy,3,Happy,0.5436590313911438,True
web_255_crop224,1392,3,Happy,3,Happy,0.999937891960144,True
web_255_crop224,2661,3,Happy,3,Happy,0.9861547350883484,True
web_255_crop224,1081,3,Happy,3,Happy,0.992299497127533,True
web_255_crop224,2294,3,Happy,3,Happy,0.995867133140564,True
web_255_crop224,1743,3,Happy,3,Happy,0.9978491067886353,True
web_255_crop224,763,3,Happy,3,Happy,0.9953568577766418,True
web_255_crop224,2467,3,Happy,3,Happy,0.9964843988418579,True
web_255_crop224,245,3,Happy,3,Happy,0.9992474317550659,True
web_255_crop224,2928,3,Happy,3,Happy,0.7034529447555542,True
web_255_crop224,2842,3,Happy,3,Happy,0.998875081539154,True
web_255_crop224,2576,3,Happy,3,Happy,0.9990599751472473,True
web_255_crop224,340,4,Sad,0,Angry,0.5259743332862854,False
web_255_crop224,3333,4,Sad,6,Neutral,0.38288629055023193,False
web_255_crop224,431,4,Sad,6,Neutral,0.5356429219245911,False
web_255_crop224,2646,4,Sad,0,Angry,0.6387079954147339,False
web_255_crop224,1820,4,Sad,4,Sad,0.7652913331985474,True
web_255_crop224,2933,4,Sad,4,Sad,0.7110030651092529,True
web_255_crop224,1499,4,Sad,6,Neutral,0.4822848439216614,False
web_255_crop224,2604,4,Sad,6,Neutral,0.6683245897293091,False
web_255_crop224,1314,4,Sad,4,Sad,0.5063848495483398,True
web_255_crop224,2818,4,Sad,4,Sad,0.6856263279914856,True
web_255_crop224,1046,4,Sad,3,Happy,0.7953035235404968,False
web_255_crop224,494,4,Sad,4,Sad,0.7297038435935974,True
web_255_crop224,1565,4,Sad,4,Sad,0.7157649993896484,True
web_255_crop224,3525,4,Sad,2,Fear,0.3617424964904785,False
web_255_crop224,2129,4,Sad,6,Neutral,0.42281341552734375,False
web_255_crop224,2466,4,Sad,4,Sad,0.8001550436019897,True
web_255_crop224,1395,4,Sad,4,Sad,0.7633234262466431,True
web_255_crop224,2144,4,Sad,0,Angry,0.8541446328163147,False
web_255_crop224,213,4,Sad,0,Angry,0.4101599156856537,False
web_255_crop224,1028,4,Sad,4,Sad,0.47274842858314514,True
web_255_crop224,1358,5,Surprise,5,Surprise,0.9769764542579651,True
web_255_crop224,1859,5,Surprise,5,Surprise,0.5632689595222473,True
web_255_crop224,3348,5,Surprise,5,Surprise,0.6726414561271667,True
web_255_crop224,861,5,Surprise,5,Surprise,0.8749725818634033,True
web_255_crop224,274,5,Surprise,5,Surprise,0.8487751483917236,True
web_255_crop224,3226,5,Surprise,2,Fear,0.9253709316253662,False
web_255_crop224,2696,5,Surprise,5,Surprise,0.9945855736732483,True
web_255_crop224,2112,5,Surprise,5,Surprise,0.9894177317619324,True
web_255_crop224,66,5,Surprise,5,Surprise,0.29801246523857117,True
web_255_crop224,859,5,Surprise,2,Fear,0.4028896689414978,False
web_255_crop224,1248,5,Surprise,5,Surprise,0.9509890675544739,True
web_255_crop224,611,5,Surprise,5,Surprise,0.9663614630699158,True
web_255_crop224,2386,5,Surprise,5,Surprise,0.9213691353797913,True
web_255_crop224,579,5,Surprise,0,Angry,0.6508235335350037,False
web_255_crop224,2338,5,Surprise,5,Surprise,0.9998537302017212,True
web_255_crop224,155,5,Surprise,5,Surprise,0.9672852158546448,True
web_255_crop224,377,5,Surprise,5,Surprise,0.993992269039154,True
web_255_crop224,222,5,Surprise,5,Surprise,0.9987344145774841,True
web_255_crop224,516,5,Surprise,5,Surprise,0.995194137096405,True
web_255_crop224,1881,5,Surprise,5,Surprise,0.9807125329971313,True
web_255_crop224,1219,6,Neutral,0,Angry,0.4681414067745209,False
web_255_crop224,1772,6,Neutral,3,Happy,0.6147713661193848,False
web_255_crop224,3300,6,Neutral,6,Neutral,0.9791598320007324,True
web_255_crop224,2798,6,Neutral,4,Sad,0.5115642547607422,False
web_255_crop224,464,6,Neutral,6,Neutral,0.9997288584709167,True
web_255_crop224,991,6,Neutral,6,Neutral,0.6227746605873108,True
web_255_crop224,1602,6,Neutral,6,Neutral,0.7508253455162048,True
web_255_crop224,1321,6,Neutral,6,Neutral,0.9961966276168823,True
web_255_crop224,666,6,Neutral,4,Sad,0.7853468060493469,False
web_255_crop224,1644,6,Neutral,4,Sad,0.518173336982727,False
web_255_crop224,1765,6,Neutral,4,Sad,0.39865466952323914,False
web_255_crop224,1168,6,Neutral,6,Neutral,0.9272233247756958,True
web_255_crop224,3413,6,Neutral,0,Angry,0.5041804909706116,False
web_255_crop224,2727,6,Neutral,6,Neutral,0.9775455594062805,True
web_255_crop224,2423,6,Neutral,0,Angry,0.3830660283565521,False
web_255_crop224,2053,6,Neutral,4,Sad,0.3365054428577423,False
web_255_crop224,420,6,Neutral,6,Neutral,0.56873619556427,True
web_255_crop224,1113,6,Neutral,0,Angry,0.4163209795951843,False
web_255_crop224,3521,6,Neutral,6,Neutral,0.532141923904419,True
web_255_crop224,813,6,Neutral,6,Neutral,0.8164719343185425,True
training_like_resize256,304,0,Angry,0,Angry,0.8310883045196533,True
training_like_resize256,2122,0,Angry,0,Angry,0.6458808183670044,True
training_like_resize256,2192,0,Angry,0,Angry,0.9563923478126526,True
training_like_resize256,1357,0,Angry,0,Angry,0.8955276608467102,True
training_like_resize256,1192,0,Angry,0,Angry,0.9477987885475159,True
training_like_resize256,726,0,Angry,0,Angry,0.6355627179145813,True
training_like_resize256,616,0,Angry,0,Angry,0.8833975791931152,True
training_like_resize256,1981,0,Angry,5,Surprise,0.26959896087646484,False
training_like_resize256,223,0,Angry,0,Angry,0.5953036546707153,True
training_like_resize256,1711,0,Angry,0,Angry,0.8191823959350586,True
training_like_resize256,2985,0,Angry,0,Angry,0.8470674157142639,True
training_like_resize256,811,0,Angry,0,Angry,0.5548818707466125,True
training_like_resize256,1631,0,Angry,0,Angry,0.6085420846939087,True
training_like_resize256,705,0,Angry,0,Angry,0.8339662551879883,True
training_like_resize256,2033,0,Angry,0,Angry,0.8212865591049194,True
training_like_resize256,2310,0,Angry,0,Angry,0.4803788363933563,True
training_like_resize256,483,0,Angry,0,Angry,0.652074933052063,True
training_like_resize256,2036,0,Angry,3,Happy,0.4087328314781189,False
training_like_resize256,3369,0,Angry,0,Angry,0.8548285961151123,True
training_like_resize256,444,0,Angry,2,Fear,0.3360171914100647,False
training_like_resize256,1,1,Disgust,3,Happy,0.5985721945762634,False
training_like_resize256,82,1,Disgust,0,Angry,0.8523551225662231,False
training_like_resize256,3119,1,Disgust,1,Disgust,0.6096185445785522,True
training_like_resize256,1432,1,Disgust,0,Angry,0.6074161529541016,False
training_like_resize256,3347,1,Disgust,1,Disgust,0.8257215619087219,True
training_like_resize256,2659,1,Disgust,1,Disgust,0.9818673133850098,True
training_like_resize256,2523,1,Disgust,1,Disgust,0.5556851029396057,True
training_like_resize256,3551,1,Disgust,1,Disgust,0.9945382475852966,True
training_like_resize256,3377,1,Disgust,0,Angry,0.7726986408233643,False
training_like_resize256,1638,1,Disgust,0,Angry,0.8729887008666992,False
training_like_resize256,1930,1,Disgust,0,Angry,0.41907092928886414,False
training_like_resize256,475,1,Disgust,1,Disgust,0.8846225142478943,True
training_like_resize256,1660,1,Disgust,0,Angry,0.5825413465499878,False
training_like_resize256,803,1,Disgust,4,Sad,0.7643434405326843,False
training_like_resize256,2691,1,Disgust,0,Angry,0.6799531579017639,False
training_like_resize256,1404,1,Disgust,3,Happy,0.6818879842758179,False
training_like_resize256,921,1,Disgust,1,Disgust,0.9719047546386719,True
training_like_resize256,3411,1,Disgust,0,Angry,0.6418122053146362,False
training_like_resize256,1059,1,Disgust,4,Sad,0.629676878452301,False
training_like_resize256,1105,1,Disgust,1,Disgust,0.3892379403114319,True
training_like_resize256,302,2,Fear,3,Happy,0.43599411845207214,False
training_like_resize256,2603,2,Fear,4,Sad,0.6311536431312561,False
training_like_resize256,1609,2,Fear,2,Fear,0.7547991275787354,True
training_like_resize256,965,2,Fear,0,Angry,0.8088104724884033,False
training_like_resize256,20,2,Fear,5,Surprise,0.8904512524604797,False
training_like_resize256,3091,2,Fear,4,Sad,0.9700127243995667,False
training_like_resize256,1318,2,Fear,3,Happy,0.4045202434062958,False
training_like_resize256,1179,2,Fear,4,Sad,0.6231644749641418,False
training_like_resize256,1570,2,Fear,4,Sad,0.3853374123573303,False
training_like_resize256,553,2,Fear,4,Sad,0.7500619292259216,False
training_like_resize256,2094,2,Fear,6,Neutral,0.4411984384059906,False
training_like_resize256,652,2,Fear,4,Sad,0.5903199911117554,False
training_like_resize256,2232,2,Fear,2,Fear,0.6031622290611267,True
training_like_resize256,717,2,Fear,4,Sad,0.3813900947570801,False
training_like_resize256,3459,2,Fear,2,Fear,0.6731153130531311,True
training_like_resize256,478,2,Fear,4,Sad,0.6578435301780701,False
training_like_resize256,118,2,Fear,2,Fear,0.9135230183601379,True
training_like_resize256,3095,2,Fear,0,Angry,0.5764752626419067,False
training_like_resize256,334,2,Fear,0,Angry,0.5419715046882629,False
training_like_resize256,2553,2,Fear,4,Sad,0.3090934455394745,False
training_like_resize256,3249,3,Happy,3,Happy,0.48183923959732056,True
training_like_resize256,938,3,Happy,3,Happy,0.9992665648460388,True
training_like_resize256,1508,3,Happy,3,Happy,0.9430133104324341,True
training_like_resize256,1397,3,Happy,3,Happy,0.9976297616958618,True
training_like_resize256,2973,3,Happy,4,Sad,0.7684529423713684,False
training_like_resize256,3025,3,Happy,3,Happy,0.9881300926208496,True
training_like_resize256,39,3,Happy,3,Happy,0.365738183259964,True
training_like_resize256,2432,3,Happy,3,Happy,0.9395981431007385,True
training_like_resize256,1833,3,Happy,4,Sad,0.45248788595199585,False
training_like_resize256,1392,3,Happy,3,Happy,0.9987257122993469,True
training_like_resize256,2661,3,Happy,3,Happy,0.9816418886184692,True
training_like_resize256,1081,3,Happy,3,Happy,0.9911289215087891,True
training_like_resize256,2294,3,Happy,3,Happy,0.9955282807350159,True
training_like_resize256,1743,3,Happy,3,Happy,0.9994463324546814,True
training_like_resize256,763,3,Happy,3,Happy,0.9661915302276611,True
training_like_resize256,2467,3,Happy,3,Happy,0.9937282800674438,True
training_like_resize256,245,3,Happy,3,Happy,0.9954274892807007,True
training_like_resize256,2928,3,Happy,3,Happy,0.7966724634170532,True
training_like_resize256,2842,3,Happy,3,Happy,0.996645987033844,True
training_like_resize256,2576,3,Happy,3,Happy,0.9970077872276306,True
training_like_resize256,340,4,Sad,0,Angry,0.4744988977909088,False
training_like_resize256,3333,4,Sad,6,Neutral,0.4389834702014923,False
training_like_resize256,431,4,Sad,4,Sad,0.5187473297119141,True
training_like_resize256,2646,4,Sad,0,Angry,0.6454866528511047,False
training_like_resize256,1820,4,Sad,4,Sad,0.8145008087158203,True
training_like_resize256,2933,4,Sad,4,Sad,0.8010556101799011,True
training_like_resize256,1499,4,Sad,6,Neutral,0.5574493408203125,False
training_like_resize256,2604,4,Sad,6,Neutral,0.4688291549682617,False
training_like_resize256,1314,4,Sad,4,Sad,0.515047013759613,True
training_like_resize256,2818,4,Sad,4,Sad,0.5961524844169617,True
training_like_resize256,1046,4,Sad,0,Angry,0.5780458450317383,False
training_like_resize256,494,4,Sad,4,Sad,0.7636109590530396,True
training_like_resize256,1565,4,Sad,4,Sad,0.7105674743652344,True
training_like_resize256,3525,4,Sad,0,Angry,0.4921688139438629,False
training_like_resize256,2129,4,Sad,4,Sad,0.46333563327789307,True
training_like_resize256,2466,4,Sad,4,Sad,0.7857930064201355,True
training_like_resize256,1395,4,Sad,4,Sad,0.7327871322631836,True
training_like_resize256,2144,4,Sad,0,Angry,0.8485696911811829,False
training_like_resize256,213,4,Sad,4,Sad,0.5710801482200623,True
training_like_resize256,1028,4,Sad,4,Sad,0.5048465728759766,True
training_like_resize256,1358,5,Surprise,5,Surprise,0.8385475277900696,True
training_like_resize256,1859,5,Surprise,5,Surprise,0.5422413349151611,True
training_like_resize256,3348,5,Surprise,5,Surprise,0.5488317012786865,True
training_like_resize256,861,5,Surprise,5,Surprise,0.4446454346179962,True
training_like_resize256,274,5,Surprise,5,Surprise,0.7334679961204529,True
training_like_resize256,3226,5,Surprise,2,Fear,0.7429064512252808,False
training_like_resize256,2696,5,Surprise,5,Surprise,0.97236168384552,True
training_like_resize256,2112,5,Surprise,5,Surprise,0.9822064638137817,True
training_like_resize256,66,5,Surprise,5,Surprise,0.30288246273994446,True
training_like_resize256,859,5,Surprise,2,Fear,0.28528228402137756,False
training_like_resize256,1248,5,Surprise,5,Surprise,0.7789220213890076,True
training_like_resize256,611,5,Surprise,5,Surprise,0.9462279677391052,True
training_like_resize256,2386,5,Surprise,5,Surprise,0.8248094320297241,True
training_like_resize256,579,5,Surprise,0,Angry,0.5163790583610535,False
training_like_resize256,2338,5,Surprise,5,Surprise,0.9992005228996277,True
training_like_resize256,155,5,Surprise,5,Surprise,0.9358887076377869,True
training_like_resize256,377,5,Surprise,5,Surprise,0.9273982048034668,True
training_like_resize256,222,5,Surprise,5,Surprise,0.9883453845977783,True
training_like_resize256,516,5,Surprise,5,Surprise,0.9717347621917725,True
training_like_resize256,1881,5,Surprise,5,Surprise,0.8805615305900574,True
training_like_resize256,1219,6,Neutral,6,Neutral,0.42260491847991943,True
training_like_resize256,1772,6,Neutral,3,Happy,0.7173079252243042,False
training_like_resize256,3300,6,Neutral,6,Neutral,0.9276842474937439,True
training_like_resize256,2798,6,Neutral,4,Sad,0.6485112905502319,False
training_like_resize256,464,6,Neutral,6,Neutral,0.9943658113479614,True
training_like_resize256,991,6,Neutral,6,Neutral,0.6364675760269165,True
training_like_resize256,1602,6,Neutral,6,Neutral,0.715911328792572,True
training_like_resize256,1321,6,Neutral,6,Neutral,0.9664765000343323,True
training_like_resize256,666,6,Neutral,4,Sad,0.6283120512962341,False
training_like_resize256,1644,6,Neutral,3,Happy,0.6205803751945496,False
training_like_resize256,1765,6,Neutral,6,Neutral,0.39230629801750183,True
training_like_resize256,1168,6,Neutral,6,Neutral,0.7263480424880981,True
training_like_resize256,3413,6,Neutral,0,Angry,0.6906803250312805,False
training_like_resize256,2727,6,Neutral,6,Neutral,0.9523462057113647,True
training_like_resize256,2423,6,Neutral,0,Angry,0.41276487708091736,False
training_like_resize256,2053,6,Neutral,4,Sad,0.44165876507759094,False
training_like_resize256,420,6,Neutral,6,Neutral,0.5469337701797485,True
training_like_resize256,1113,6,Neutral,0,Angry,0.5111091136932373,False
training_like_resize256,3521,6,Neutral,6,Neutral,0.5659869313240051,True
training_like_resize256,813,6,Neutral,6,Neutral,0.782870352268219,True
